tid,lat_lon,date_time,day,poi,category,price,rating,weather,label
24974,40.6466167531369 -73.7764878932113,120,Monday,7257,College & University,-999,-999.0,Rain,901
24974,40.645638 -73.776775,120,Monday,29283,Travel & Transport,-999,-999.0,Rain,901
24974,40.6467231416214 -73.7767291914392,1080,Monday,31379,Professional & Other Places,-999,-999.0,Clouds,901
24974,40.6465822461086 -73.7767521722076,1080,Monday,3524,Professional & Other Places,-999,-999.0,Clouds,901
24974,40.723338997880894 -73.7268662099373,600,Tuesday,34286,Shop & Service,-999,5.6,Clear,901
24974,40.6468439453418 -73.7797626300122,720,Tuesday,2017,Outdoors & Recreation,-999,-999.0,Clouds,901
24974,40.64510208976071 -73.7757582515588,780,Tuesday,9551,Travel & Transport,-999,-999.0,Clouds,901
24974,40.645638 -73.776775,1140,Tuesday,29283,Travel & Transport,-999,-999.0,Clouds,901
24974,40.645089355976296 -73.7752103805542,1140,Wednesday,7328,Travel & Transport,-999,-999.0,Clear,901
24974,40.7238433580965 -73.7301331366724,60,Thursday,15866,Residence,-999,-999.0,Clear,901
24974,40.7264457055145 -73.7292051315308,60,Thursday,21000,Outdoors & Recreation,-999,-999.0,Clear,901
24974,40.7470389423739 -73.7560052090128,900,Friday,36598,Professional & Other Places,-999,-999.0,Clear,901
24974,40.7189325433951 -73.8136196136475,0,Saturday,9559,Nightlife Spot,2,6.6,Clear,901
24974,40.7310411893778 -73.7151772474813,900,Saturday,5787,Nightlife Spot,3,-999.0,Clear,901
24974,40.760260186335 -73.9151686541544,1380,Saturday,35906,Food,3,-999.0,Clear,901
24974,40.738721206449206 -73.88667319557291,120,Sunday,32257,Nightlife Spot,2,-999.0,Clear,901
24974,40.742929098631 -73.9163685528491,240,Sunday,34178,Outdoors & Recreation,-999,-999.0,Clear,901
24974,40.7210932391294 -73.84425821088591,960,Sunday,18906,Shop & Service,-999,6.6,Clear,901
24974,40.7122627451164 -73.8616192553234,1020,Sunday,36319,Outdoors & Recreation,-999,-999.0,Clear,901
24976,40.726302 -73.730433,900,Monday,18970,Residence,-999,-999.0,Clouds,901
24976,40.6455777902059 -73.776433467865,720,Tuesday,7790,Travel & Transport,-999,-999.0,Clouds,901
24976,40.645810389812105 -73.7752756524667,720,Tuesday,21875,Travel & Transport,-999,-999.0,Clouds,901
24976,40.6457733353882 -73.77533885003321,1080,Tuesday,37891,Food,1,5.5,Clouds,901
24976,40.6449572518485 -73.77572952545499,1200,Tuesday,9551,Travel & Transport,-999,-999.0,Clouds,901
24976,40.645089355976296 -73.7752103805542,1200,Tuesday,7328,Travel & Transport,-999,-999.0,Clouds,901
24976,40.645480103646 -73.7737083435059,1320,Tuesday,36505,Travel & Transport,-999,-999.0,Clouds,901
24976,40.6455777902059 -73.776433467865,720,Wednesday,7790,Travel & Transport,-999,-999.0,Clouds,901
24976,40.646151229083 -73.77607998363949,1320,Thursday,15432,Travel & Transport,-999,-999.0,Clear,901
24976,40.726302 -73.730433,660,Friday,18970,Residence,-999,-999.0,Clear,901
24976,40.7238433580965 -73.7301331366724,780,Friday,28689,Residence,-999,-999.0,Clouds,901
24976,40.64505679356729 -73.77769947052,1080,Friday,7904,Professional & Other Places,-999,-999.0,Clear,901
24976,40.6439659436829 -73.78272056579591,1380,Friday,3747,Travel & Transport,-999,-999.0,Clear,901
24976,40.73080105117221 -73.69439520217308,180,Saturday,37320,Nightlife Spot,2,5.5,Clear,901
24976,40.7304783951045 -73.69474411010741,180,Saturday,31638,Nightlife Spot,1,-999.0,Clear,901
24976,40.7270636334831 -73.70963573455809,240,Saturday,25502,Shop & Service,-999,-999.0,Clear,901
24976,40.7320206818302 -73.7183639073073,600,Saturday,10395,Residence,-999,-999.0,Clear,901
24976,40.7310411893778 -73.7151772474813,600,Saturday,5787,Nightlife Spot,3,-999.0,Clear,901
24976,40.7320206818302 -73.7183639073073,1020,Saturday,10395,Residence,-999,-999.0,Clear,901
24976,40.7320206818302 -73.7183639073073,60,Sunday,10395,Residence,-999,-999.0,Clear,901
24976,40.6451707619295 -73.77593994140621,1080,Sunday,26260,Travel & Transport,-999,-999.0,Clear,901
24976,40.645638 -73.776775,1080,Sunday,29283,Travel & Transport,-999,-999.0,Clear,901
24978,40.645089355976296 -73.7752103805542,960,Monday,7328,Travel & Transport,-999,-999.0,Clouds,901
24978,40.645638 -73.776775,1200,Monday,29283,Travel & Transport,-999,-999.0,Clouds,901
24978,40.645301454835895 -73.7756893089027,1200,Monday,18741,Travel & Transport,-999,-999.0,Clouds,901
24978,40.645638 -73.776775,1020,Wednesday,29283,Travel & Transport,-999,-999.0,Clear,901
24978,40.7238433580965 -73.7301331366724,60,Thursday,9433,Residence,-999,-999.0,Clouds,901
24978,40.7238433580965 -73.7301331366724,60,Thursday,28689,Residence,-999,-999.0,Clouds,901
24978,40.726302 -73.730433,60,Thursday,18970,Residence,-999,-999.0,Clouds,901
24978,40.726302 -73.730433,720,Friday,18970,Residence,-999,-999.0,Clouds,901
24978,40.726328 -73.730388,1200,Friday,35519,Residence,-999,-999.0,Clouds,901
24978,40.7320206818302 -73.7183639073073,1200,Friday,10395,Residence,-999,-999.0,Clouds,901
24978,40.7320206818302 -73.7183639073073,60,Saturday,18756,Residence,-999,-999.0,Clouds,901
24978,40.733212 -73.712695,660,Sunday,24068,Nightlife Spot,3,-999.0,Clear,901
24978,40.6455777902059 -73.776433467865,720,Sunday,7790,Travel & Transport,-999,-999.0,Clear,901
24978,40.64355555953389 -73.77938345271009,960,Sunday,9797,Travel & Transport,-999,7.0,Clouds,901
24978,40.64600109698021 -73.7761545181274,1260,Sunday,8155,Food,1,5.9,Clouds,901
24978,40.666246950975 -73.7419016790431,1260,Sunday,2721,Residence,-999,-999.0,Clouds,901
24978,40.7517682331435 -73.7183639073073,1260,Sunday,20604,Residence,-999,-999.0,Clouds,901
24978,40.749272707451205 -73.7149572372436,1260,Sunday,1895,Outdoors & Recreation,-999,-999.0,Clouds,901
24979,40.7310411893778 -73.7151772474813,180,Monday,5787,Nightlife Spot,3,-999.0,Clear,901
24979,40.7320206818302 -73.7183639073073,240,Monday,9317,Residence,-999,-999.0,Clear,901
24979,40.733212 -73.712695,300,Monday,24068,Nightlife Spot,3,-999.0,Clear,901
24979,40.7325019537932 -73.7095796386802,300,Monday,8105,Professional & Other Places,-999,-999.0,Clear,901
24979,40.7310411893778 -73.7151772474813,1320,Monday,5787,Nightlife Spot,3,-999.0,Clear,901
24979,40.7320206818302 -73.7183639073073,1320,Monday,18756,Residence,-999,-999.0,Clear,901
24979,40.7320206818302 -73.7183639073073,1320,Monday,10395,Residence,-999,-999.0,Clear,901
24979,40.733212 -73.712695,1320,Monday,24068,Nightlife Spot,3,-999.0,Clear,901
24979,40.7238433580965 -73.7301331366724,600,Tuesday,28689,Residence,-999,-999.0,Clear,901
24979,40.645638 -73.776775,1080,Tuesday,29283,Travel & Transport,-999,-999.0,Clear,901
24979,40.7238433580965 -73.7301331366724,1320,Tuesday,15866,Residence,-999,-999.0,Clear,901
24979,40.7264457055145 -73.7292051315308,240,Wednesday,21000,Outdoors & Recreation,-999,-999.0,Clouds,901
24979,40.7270714526873 -73.7300268259055,240,Wednesday,23105,Professional & Other Places,-999,-999.0,Clouds,901
24979,40.726302 -73.730433,240,Wednesday,18970,Residence,-999,-999.0,Clouds,901
24979,40.7221443911854 -73.7183639073073,1320,Saturday,4201,Residence,-999,-999.0,Clear,901
24979,40.878299261975606 -73.9033770561218,0,Sunday,31366,Nightlife Spot,2,-999.0,Clear,901
24979,40.815108415606 -73.8366222381592,240,Sunday,15073,Travel & Transport,-999,4.7,Clouds,901
24979,40.7564573646771 -73.84606361389159,240,Sunday,32360,Arts & Entertainment,-999,9.3,Clouds,901
24979,40.751093327517 -73.8569641113281,300,Sunday,22795,Food,1,7.7,Clouds,901
24979,40.64505679356729 -73.77769947052,720,Sunday,7904,Professional & Other Places,-999,-999.0,Clear,901
24979,40.645638 -73.776775,1080,Sunday,29283,Travel & Transport,-999,-999.0,Clouds,901
24979,40.726302 -73.730433,1380,Sunday,18970,Residence,-999,-999.0,Clouds,901
24980,40.645089355976296 -73.7752103805542,0,Tuesday,7328,Travel & Transport,-999,-999.0,Clouds,901
24980,40.6457731628969 -73.7725925445557,960,Wednesday,32477,Travel & Transport,-999,-999.0,Clouds,901
24980,40.6452847300971 -73.7725067138672,1140,Wednesday,21754,Travel & Transport,-999,-999.0,Clouds,901
24980,40.7270636334831 -73.70963573455809,540,Friday,25502,Shop & Service,-999,-999.0,Clear,901
24980,40.7264141 -73.7171692,180,Saturday,1327,Food,2,8.0,Clear,901
24980,40.7320206818302 -73.7183639073073,1380,Saturday,9317,Residence,-999,-999.0,Clouds,901
24980,40.733212 -73.712695,1380,Saturday,24068,Nightlife Spot,3,-999.0,Clouds,901
24980,40.7069800840869 -73.697286195012,0,Sunday,27406,Professional & Other Places,-999,-999.0,Clouds,901
24980,40.724482 -73.703618,60,Sunday,13051,Food,2,6.7,Clouds,901
24980,40.7062503631402 -73.95353303373771,900,Sunday,9764,College & University,-999,-999.0,Clouds,901
24980,40.7517682331435 -73.7183639073073,960,Sunday,20604,Residence,-999,-999.0,Clouds,901
24980,40.749272707451205 -73.7149572372436,1140,Sunday,1895,Outdoors & Recreation,-999,-999.0,Clouds,901
24981,40.7238433580965 -73.7301331366724,60,Monday,28689,Residence,-999,-999.0,Clouds,901
24981,40.726302 -73.730433,120,Monday,18970,Residence,-999,-999.0,Clouds,901
24981,40.7320206818302 -73.7183639073073,1140,Monday,18756,Residence,-999,-999.0,Clouds,901
24981,40.7320206818302 -73.7183639073073,1320,Monday,9317,Residence,-999,-999.0,Clouds,901
24981,40.733212 -73.712695,1320,Monday,24068,Nightlife Spot,3,-999.0,Clouds,901
24981,40.7238433580965 -73.7301331366724,0,Tuesday,28689,Residence,-999,-999.0,Clouds,901
24981,40.6455777902059 -73.776433467865,720,Wednesday,7790,Travel & Transport,-999,-999.0,Clouds,901
24981,40.6457731628969 -73.7725925445557,780,Wednesday,32477,Travel & Transport,-999,-999.0,Clouds,901
24981,40.645890011555295 -73.77710837378,1020,Wednesday,19528,Arts & Entertainment,-999,8.7,Clouds,901
24981,40.6453945670019 -73.77661428755749,1380,Wednesday,8884,Travel & Transport,-999,-999.0,Clouds,901
24981,40.645952254027904 -73.77360105514529,1380,Wednesday,17087,Travel & Transport,-999,-999.0,Clouds,901
24981,40.733212 -73.712695,1260,Saturday,24068,Nightlife Spot,3,-999.0,Clear,901
24981,40.72957934329779 -73.7215735039637,1320,Saturday,34807,Arts & Entertainment,-999,-999.0,Clear,901
24981,40.733212 -73.712695,0,Sunday,24068,Nightlife Spot,3,-999.0,Clouds,901
24983,40.7238433580965 -73.7301331366724,780,Tuesday,9433,Residence,-999,-999.0,Clouds,901
24983,40.7264457055145 -73.7292051315308,840,Tuesday,21000,Outdoors & Recreation,-999,-999.0,Clouds,901
24983,40.73080105117221 -73.69439520217308,60,Wednesday,37320,Nightlife Spot,2,5.5,Clear,901
24983,40.7304783951045 -73.69474411010741,60,Wednesday,31638,Nightlife Spot,1,-999.0,Clear,901
24983,40.7238433580965 -73.7301331366724,180,Wednesday,9798,Residence,-999,-999.0,Clouds,901
24983,40.7264457055145 -73.7292051315308,180,Wednesday,21000,Outdoors & Recreation,-999,-999.0,Clouds,901
24983,40.7238433580965 -73.7301331366724,240,Wednesday,28689,Residence,-999,-999.0,Clouds,901
24983,40.726302 -73.730433,240,Wednesday,18970,Residence,-999,-999.0,Clouds,901
24983,40.7264457055145 -73.7292051315308,420,Wednesday,21000,Outdoors & Recreation,-999,-999.0,Clear,901
24983,40.733212 -73.712695,1020,Saturday,24068,Nightlife Spot,3,-999.0,Clear,901
24983,40.7304783951045 -73.69474411010741,60,Sunday,31638,Nightlife Spot,1,-999.0,Clear,901
24983,40.73080105117221 -73.69439520217308,60,Sunday,37320,Nightlife Spot,2,5.5,Clear,901
24984,40.726302 -73.730433,240,Monday,18970,Residence,-999,-999.0,Clear,901
24984,40.6455777902059 -73.776433467865,840,Monday,7790,Travel & Transport,-999,-999.0,Unknown,901
24984,40.6452847300971 -73.7725067138672,1320,Monday,21754,Travel & Transport,-999,-999.0,Clear,901
24984,40.645317292395 -73.77383708953859,60,Tuesday,6809,Travel & Transport,-999,-999.0,Clear,901
24984,40.7320206818302 -73.7183639073073,1200,Friday,10395,Residence,-999,-999.0,Clear,901
24984,40.724482 -73.703618,60,Saturday,13051,Food,2,6.7,Clear,901
24984,40.731024 -73.693069,180,Saturday,28984,Nightlife Spot,2,-999.0,Clear,901
24984,40.64355555953389 -73.77938345271009,780,Saturday,9797,Travel & Transport,-999,7.0,Clouds,901
24984,40.6455777902059 -73.776433467865,1380,Saturday,7790,Travel & Transport,-999,-999.0,Rain,901
24984,40.6457731628969 -73.7725925445557,960,Sunday,32477,Travel & Transport,-999,-999.0,Clouds,901
24984,40.6457733353882 -73.77533885003321,960,Sunday,37891,Food,1,5.5,Clouds,901
24984,40.6455777902059 -73.776433467865,1260,Sunday,7790,Travel & Transport,-999,-999.0,Clouds,901
24984,40.64748875146071 -73.77732094538351,1260,Sunday,20468,Travel & Transport,-999,-999.0,Clouds,901
25002,40.7264457055145 -73.7292051315308,840,Monday,21000,Outdoors & Recreation,-999,-999.0,Clouds,901
25002,40.7270714526873 -73.7300268259055,840,Monday,23105,Professional & Other Places,-999,-999.0,Clouds,901
25002,40.723338997880894 -73.7268662099373,840,Monday,34286,Shop & Service,-999,5.6,Clouds,901
25002,40.6455777902059 -73.776433467865,1260,Monday,7790,Travel & Transport,-999,-999.0,Clouds,901
25002,40.645301454835895 -73.7756893089027,120,Tuesday,18741,Travel & Transport,-999,-999.0,Rain,901
25002,40.64505679356729 -73.77769947052,120,Tuesday,7904,Professional & Other Places,-999,-999.0,Rain,901
25002,40.645089355976296 -73.7752103805542,120,Tuesday,7328,Travel & Transport,-999,-999.0,Rain,901
25002,40.645870849028 -73.7723779678345,420,Tuesday,20946,Travel & Transport,-999,-999.0,Clouds,901
25002,40.6457243197778 -73.7736976146698,480,Tuesday,1305,Nightlife Spot,2,-999.0,Clouds,901
25002,40.645525649358895 -73.77361527287941,480,Tuesday,25485,Travel & Transport,-999,-999.0,Clouds,901
25002,40.7640638025693 -73.7711119651794,120,Saturday,34086,Nightlife Spot,2,6.4,Unknown,901
25005,40.726328 -73.730388,420,Monday,35519,Residence,-999,-999.0,Clear,901
25005,40.650262376189794 -73.80353445804009,720,Monday,30781,Travel & Transport,-999,-999.0,Clouds,901
25005,40.6453945670019 -73.77661428755749,840,Monday,8884,Travel & Transport,-999,-999.0,Clear,901
25005,40.645338 -73.775587,960,Monday,19292,Food,-999,-999.0,Clear,901
25005,40.645386813492 -73.7766717395066,1080,Monday,4466,Travel & Transport,-999,-999.0,Clear,901
25005,40.64505679356729 -73.77769947052,1080,Monday,7904,Professional & Other Places,-999,-999.0,Clear,901
25005,40.726302 -73.730433,420,Tuesday,18970,Residence,-999,-999.0,Clear,901
25005,40.7264457055145 -73.7292051315308,420,Tuesday,21000,Outdoors & Recreation,-999,-999.0,Clear,901
25005,40.7238433580965 -73.7301331366724,420,Tuesday,9433,Residence,-999,-999.0,Clear,901
25005,40.6610409729364 -73.82962304466871,660,Tuesday,20084,Travel & Transport,-999,-999.0,Clear,901
25005,40.7238433580965 -73.7301331366724,300,Thursday,9433,Residence,-999,-999.0,Clear,901
25005,40.9099509555118 -73.89737024578609,840,Friday,5273,Shop & Service,-999,-999.0,Clouds,901
25005,40.733212 -73.712695,0,Saturday,24068,Nightlife Spot,3,-999.0,Rain,901
25005,40.7409736247553 -73.78434062004091,900,Saturday,95,Arts & Entertainment,-999,9.2,Clouds,901
25005,40.726302 -73.730433,1260,Sunday,18970,Residence,-999,-999.0,Clouds,901
25010,40.7238433580965 -73.7301331366724,600,Monday,9433,Residence,-999,-999.0,Rain,901
25010,40.6455777902059 -73.776433467865,780,Monday,7790,Travel & Transport,-999,-999.0,Clouds,901
25010,40.645386813492 -73.7766717395066,0,Tuesday,4466,Travel & Transport,-999,-999.0,Clouds,901
25010,40.721802420654896 -73.73087156396551,120,Tuesday,13604,Professional & Other Places,-999,-999.0,Clouds,901
25010,40.6459359730358 -73.77516746521,1140,Tuesday,7882,Travel & Transport,-999,-999.0,Clouds,901
25010,40.6453945670019 -73.77661428755749,1260,Tuesday,8884,Travel & Transport,-999,-999.0,Clear,901
25010,40.6467337369755 -73.7888038158417,60,Wednesday,16227,Travel & Transport,-999,-999.0,Clear,901
25010,40.645089355976296 -73.7845230102539,60,Wednesday,24602,Travel & Transport,-999,7.0,Clear,901
25010,40.6527736402214 -73.80490779876709,60,Wednesday,7028,Professional & Other Places,-999,-999.0,Clear,901
25010,40.6995022735439 -73.8081931278138,120,Wednesday,12362,Travel & Transport,-999,-999.0,Clear,901
25010,40.7015072314275 -73.8023625929653,120,Wednesday,31676,Nightlife Spot,3,-999.0,Clear,901
25010,40.7238433580965 -73.7301331366724,120,Wednesday,28689,Residence,-999,-999.0,Clear,901
25010,40.726302 -73.730433,180,Wednesday,18970,Residence,-999,-999.0,Clear,901
25010,40.64600109698021 -73.7761545181274,840,Wednesday,8155,Food,1,5.9,Clear,901
25010,40.645301454835895 -73.7756893089027,960,Wednesday,18741,Travel & Transport,-999,-999.0,Clear,901
25010,40.8641411164034 -73.9191414961577,0,Thursday,2406,Travel & Transport,-999,-999.0,Snow,901
25010,40.8693915901654 -73.9152431488037,0,Thursday,30970,Travel & Transport,-999,-999.0,Snow,901
25010,40.875735792552206 -73.9085054397583,0,Thursday,21193,Outdoors & Recreation,-999,-999.0,Snow,901
25010,40.8897749706367 -73.8976573297774,0,Thursday,38184,College & University,-999,-999.0,Snow,901
25010,40.9107574802276 -73.8939481721105,1260,Friday,13628,Residence,-999,-999.0,Clouds,901
24972,40.7602609290414 -73.7696739706229,1380,Monday,25876,Nightlife Spot,-999,-999.0,Clear,901
24972,40.7597730984652 -73.7693738937378,1380,Monday,15132,Arts & Entertainment,-999,7.6,Clear,901
24972,40.645301454835895 -73.7756893089027,780,Tuesday,18741,Travel & Transport,-999,-999.0,Clouds,901
24972,40.645089355976296 -73.7752103805542,780,Tuesday,7328,Travel & Transport,-999,-999.0,Clouds,901
24972,40.6457514144526 -73.7748849761576,780,Tuesday,37771,Travel & Transport,-999,-999.0,Clouds,901
24972,40.7189325433951 -73.8136196136475,1260,Tuesday,9559,Nightlife Spot,2,6.6,Clear,901
24972,40.7269 -73.788848,60,Wednesday,10526,Food,2,-999.0,Clear,901
24972,40.73212114 -73.68889215,180,Wednesday,4542,Food,2,7.9,Clouds,901
24972,40.7238433580965 -73.7301331366724,240,Wednesday,28689,Residence,-999,-999.0,Clouds,901
24972,40.7238433580965 -73.7301331366724,240,Wednesday,9433,Residence,-999,-999.0,Clouds,901
24972,40.7264457055145 -73.7292051315308,600,Wednesday,21000,Outdoors & Recreation,-999,-999.0,Clouds,901
24972,40.7189325433951 -73.8136196136475,60,Thursday,9559,Nightlife Spot,2,6.6,Clouds,901
24972,40.724436807802896 -73.7308658174601,300,Thursday,35458,Shop & Service,-999,6.8,Clear,901
24972,40.7197325140934 -73.733049477736,300,Thursday,36176,Food,1,-999.0,Clear,901
24972,40.6408886740465 -73.78684043884279,840,Thursday,13232,Travel & Transport,-999,-999.0,Clouds,901
24972,40.6466167531369 -73.7764878932113,840,Thursday,7257,College & University,-999,-999.0,Clouds,901
24972,40.6457733353882 -73.77533885003321,840,Thursday,37891,Food,1,5.5,Clouds,901
24972,40.6459359730358 -73.77516746521,960,Thursday,7882,Travel & Transport,-999,-999.0,Clouds,901
24972,40.6455777902059 -73.776433467865,960,Thursday,7790,Travel & Transport,-999,-999.0,Clouds,901
24972,40.6470593521696 -73.7763476371765,960,Thursday,19491,Travel & Transport,-999,-999.0,Clouds,901
24972,40.6435577700582 -73.7795500610073,1140,Thursday,9797,Travel & Transport,-999,7.0,Clouds,901
24972,40.7517682331435 -73.7183639073073,1320,Friday,20604,Residence,-999,-999.0,Clear,901
24972,40.7221443911854 -73.7183639073073,660,Saturday,4201,Residence,-999,-999.0,Clear,901
24972,40.7270636334831 -73.70963573455809,660,Saturday,25502,Shop & Service,-999,-999.0,Clear,901
24972,40.7047009290776 -73.704700282555,660,Saturday,26878,Shop & Service,-999,6.4,Clear,901
24972,40.7285813061685 -73.70398762235341,0,Sunday,6247,Food,2,7.7,Clouds,901
24977,40.7280880803685 -73.7508451938629,120,Monday,15919,Professional & Other Places,-999,-999.0,Clouds,901
24977,40.72731762272821 -73.7310037335458,180,Monday,4070,Food,1,-999.0,Clouds,901
24977,40.7264457055145 -73.7292051315308,180,Monday,21000,Outdoors & Recreation,-999,-999.0,Clouds,901
24977,40.7238433580965 -73.7301331366724,180,Monday,28689,Residence,-999,-999.0,Clouds,901
24977,40.726302 -73.730433,240,Monday,18970,Residence,-999,-999.0,Clouds,901
24977,40.645870849028 -73.7726140022278,1020,Monday,207,Travel & Transport,-999,-999.0,Clouds,901
24977,40.645638 -73.776775,1200,Monday,29283,Travel & Transport,-999,-999.0,Clouds,901
24977,40.645301454835895 -73.7756893089027,840,Tuesday,18741,Travel & Transport,-999,-999.0,Rain,901
24977,40.645386813492 -73.7766717395066,840,Tuesday,4466,Travel & Transport,-999,-999.0,Rain,901
24977,40.6451544807468 -73.7764978408813,960,Tuesday,28635,Travel & Transport,-999,-999.0,Clouds,901
24977,40.645638 -73.776775,1080,Tuesday,29283,Travel & Transport,-999,-999.0,Clouds,901
24977,40.6467231416214 -73.7767291914392,1080,Tuesday,31379,Professional & Other Places,-999,-999.0,Clouds,901
24977,40.645870849028 -73.7726140022278,1320,Tuesday,207,Travel & Transport,-999,-999.0,Rain,901
24977,40.645870849028 -73.7723779678345,780,Wednesday,20946,Travel & Transport,-999,-999.0,Clouds,901
24977,40.645301454835895 -73.7756893089027,900,Wednesday,18741,Travel & Transport,-999,-999.0,Clouds,901
24977,40.645638 -73.776775,900,Wednesday,29283,Travel & Transport,-999,-999.0,Clouds,901
24977,40.645338 -73.775587,900,Wednesday,19292,Food,-999,-999.0,Clouds,901
24977,40.6455777902059 -73.776433467865,1080,Wednesday,7790,Travel & Transport,-999,-999.0,Clear,901
24977,40.726302 -73.730433,960,Friday,18970,Residence,-999,-999.0,Clear,901
24977,40.7191656628443 -73.8389513873133,1020,Friday,28672,Food,2,-999.0,Clear,901
24977,40.7187798355796 -73.8377452711472,1020,Friday,32563,Outdoors & Recreation,-999,-999.0,Clear,901
24977,40.7211151290174 -73.8473308194441,1080,Friday,7308,Food,2,7.0,Clear,901
24977,40.7517682331435 -73.7183639073073,1200,Friday,20604,Residence,-999,-999.0,Clear,901
24977,40.7320206818302 -73.7183639073073,1200,Friday,10395,Residence,-999,-999.0,Clear,901
24977,40.7906181467525 -73.7927748689177,300,Saturday,29011,Outdoors & Recreation,-999,6.9,Clear,901
24977,40.7998170195963 -73.7935137748718,300,Saturday,34851,Outdoors & Recreation,-999,-999.0,Clear,901
25000,40.7217801290075 -73.73127956543429,120,Monday,31781,Shop & Service,-999,-999.0,Clouds,901
25000,40.7238433580965 -73.7301331366724,120,Monday,15866,Residence,-999,-999.0,Clouds,901
25000,40.726328 -73.730388,120,Monday,35519,Residence,-999,-999.0,Clouds,901
25000,40.7238433580965 -73.7301331366724,180,Monday,28689,Residence,-999,-999.0,Clouds,901
25000,40.6470593521696 -73.7763476371765,1200,Monday,19491,Travel & Transport,-999,-999.0,Clear,901
25000,40.7264457055145 -73.7292051315308,240,Tuesday,21000,Outdoors & Recreation,-999,-999.0,Clouds,901
25000,40.7270714526873 -73.7300268259055,240,Tuesday,23105,Professional & Other Places,-999,-999.0,Clouds,901
25000,40.727318 -73.734844,240,Tuesday,17398,Professional & Other Places,-999,-999.0,Clouds,901
25000,40.726328 -73.730388,240,Tuesday,35519,Residence,-999,-999.0,Clouds,901
25000,40.6457733353882 -73.77533885003321,1200,Tuesday,37891,Food,1,5.5,Clear,901
25000,40.7238433580965 -73.7301331366724,180,Friday,28689,Residence,-999,-999.0,Clear,901
25000,40.7293977452244 -73.990214035985,180,Saturday,21820,Food,1,6.3,Rain,901
25000,40.7296165908459 -73.98979783058171,180,Saturday,17549,Nightlife Spot,1,5.6,Rain,901
25000,40.728992408668496 -73.98877929802,180,Saturday,30312,Outdoors & Recreation,-999,8.3,Rain,901
25000,40.7238433580965 -73.7301331366724,1320,Saturday,28689,Residence,-999,-999.0,Clouds,901
25000,40.7238433580965 -73.7301331366724,1320,Saturday,15866,Residence,-999,-999.0,Clouds,901
25000,40.7264457055145 -73.7292051315308,1320,Saturday,21000,Outdoors & Recreation,-999,-999.0,Clouds,901
25001,40.7238433580965 -73.7301331366724,120,Monday,28689,Residence,-999,-999.0,Clouds,901
25001,40.726302 -73.730433,600,Monday,18970,Residence,-999,-999.0,Clouds,901
25001,40.6991427502303 -73.8080495206365,660,Monday,29579,Nightlife Spot,1,4.8,Clouds,901
25001,40.645525649358895 -73.77361527287941,900,Monday,25485,Travel & Transport,-999,-999.0,Clouds,901
25001,40.645386813492 -73.7766717395066,1140,Monday,4466,Travel & Transport,-999,-999.0,Clouds,901
25001,40.6462137524851 -73.775585894874,1380,Monday,34256,Residence,-999,-999.0,Clouds,901
25001,40.7238433580965 -73.7301331366724,180,Tuesday,28689,Residence,-999,-999.0,Rain,901
25001,40.645386813492 -73.7766717395066,1140,Tuesday,4466,Travel & Transport,-999,-999.0,Clouds,901
25001,40.6996886534352 -73.80783123752809,60,Wednesday,11835,Travel & Transport,-999,-999.0,Clear,901
25001,40.6995022735439 -73.8081931278138,60,Wednesday,12362,Travel & Transport,-999,-999.0,Clear,901
25001,40.7640638025693 -73.7711119651794,60,Sunday,34086,Nightlife Spot,2,6.4,Clouds,901
25001,40.7238433580965 -73.7301331366724,1200,Sunday,9433,Residence,-999,-999.0,Clouds,901
25008,40.7238433580965 -73.7301331366724,180,Monday,15866,Residence,-999,-999.0,Clear,901
25008,40.726328 -73.730388,180,Monday,35519,Residence,-999,-999.0,Clear,901
25008,40.726302 -73.730433,180,Monday,18970,Residence,-999,-999.0,Clear,901
25008,40.645338 -73.775587,720,Monday,19292,Food,-999,-999.0,Fog,901
25008,40.645089355976296 -73.7845230102539,720,Monday,24602,Travel & Transport,-999,7.0,Fog,901
25008,40.6470593521696 -73.7763476371765,780,Monday,19491,Travel & Transport,-999,-999.0,Clouds,901
25008,40.6449572518485 -73.77572952545499,1020,Monday,9551,Travel & Transport,-999,-999.0,Clouds,901
25008,40.6458002360858 -73.77353483891599,1080,Monday,24468,Travel & Transport,-999,-999.0,Clouds,901
25008,40.6418289777049 -73.7872081474511,720,Tuesday,3810,Travel & Transport,-999,-999.0,Clouds,901
25008,40.645089355976296 -73.7845230102539,780,Tuesday,24602,Travel & Transport,-999,7.0,Fog,901
25008,40.6453945670019 -73.77661428755749,840,Tuesday,8884,Travel & Transport,-999,-999.0,Fog,901
25008,40.646761968865206 -73.7766774847006,840,Tuesday,7257,College & University,-999,-999.0,Fog,901
25008,40.646066220861 -73.77473831176759,960,Tuesday,9816,Travel & Transport,-999,-999.0,Fog,901
25008,40.6457243197778 -73.7736976146698,1020,Tuesday,1305,Nightlife Spot,2,-999.0,Fog,901
25008,40.701315 -73.807814,120,Wednesday,37763,Food,1,-999.0,Clouds,901
25008,40.7002015920329 -73.8080724977918,120,Wednesday,20305,Professional & Other Places,-999,-999.0,Clouds,901
25008,40.7012450695038 -73.80791,120,Wednesday,28482,Shop & Service,-999,6.4,Clouds,901
25008,40.706105264577296 -73.8091064670309,120,Wednesday,7755,Food,2,7.6,Clouds,901
25008,40.7063791742286 -73.8068547048953,120,Wednesday,2202,Food,2,7.1,Clouds,901
25008,40.7079133314939 -73.80157113075259,120,Wednesday,28004,Nightlife Spot,1,-999.0,Clouds,901
25008,40.709213 -73.79697,120,Wednesday,13638,Professional & Other Places,-999,-999.0,Clouds,901
25008,40.7127777 -73.7825931,120,Wednesday,31085,Food,1,8.2,Clouds,901
25008,40.7280880803685 -73.7508451938629,120,Wednesday,15919,Professional & Other Places,-999,-999.0,Clouds,901
25008,40.728960044496496 -73.749460650696,120,Wednesday,35938,Travel & Transport,-999,-999.0,Clouds,901
25008,40.7296890198005 -73.7447833729901,120,Wednesday,21548,Outdoors & Recreation,-999,5.7,Clouds,901
25008,40.727318 -73.734844,120,Wednesday,17398,Professional & Other Places,-999,-999.0,Clouds,901
25008,40.7328763029414 -73.7324920719672,120,Wednesday,15248,Professional & Other Places,-999,-999.0,Clouds,901
25008,40.733074146233 -73.72759028269641,180,Wednesday,28428,Outdoors & Recreation,-999,7.0,Clouds,901
25008,40.7244736475206 -73.7304750547047,180,Wednesday,16880,Residence,-999,-999.0,Clouds,901
25008,40.7238433580965 -73.7301331366724,180,Wednesday,28689,Residence,-999,-999.0,Clouds,901
25008,40.7246093631937 -73.7308658174601,660,Wednesday,13775,Outdoors & Recreation,-999,-999.0,Clouds,901
25008,40.7264457055145 -73.7292051315308,660,Wednesday,21000,Outdoors & Recreation,-999,-999.0,Clouds,901
25008,40.7242512047726 -73.7310152265487,780,Wednesday,8718,Professional & Other Places,-999,-999.0,Fog,901
25008,40.7296890198005 -73.7447833729901,780,Wednesday,21548,Outdoors & Recreation,-999,5.7,Fog,901
25008,40.715396 -73.753688,1140,Wednesday,21562,Nightlife Spot,3,-999.0,Rain,901
25008,40.6451544807468 -73.7764978408813,1320,Wednesday,28635,Travel & Transport,-999,-999.0,Clouds,901
25008,40.6455777902059 -73.776433467865,1380,Wednesday,7790,Travel & Transport,-999,-999.0,Clouds,901
25008,40.6460336589286 -73.7765836715698,1380,Wednesday,18550,Travel & Transport,-999,6.2,Clouds,901
25008,40.674050269074 -73.73555491142601,120,Thursday,6951,Food,2,-999.0,Rain,901
25008,40.723338997880894 -73.7268662099373,120,Thursday,34286,Shop & Service,-999,5.6,Rain,901
25008,40.7246093631937 -73.7308658174601,120,Thursday,13775,Outdoors & Recreation,-999,-999.0,Rain,901
25008,40.7238433580965 -73.7301331366724,240,Thursday,28689,Residence,-999,-999.0,Rain,901
25008,40.726302 -73.730433,300,Thursday,18970,Residence,-999,-999.0,Rain,901
25008,40.910743 -73.893969,960,Friday,13373,Outdoors & Recreation,-999,-999.0,Clouds,901
25008,40.7320206818302 -73.7183639073073,0,Saturday,10395,Residence,-999,-999.0,Clear,901
25008,40.733212 -73.712695,0,Saturday,24068,Nightlife Spot,3,-999.0,Clear,901
25008,40.7320206818302 -73.7183639073073,660,Saturday,10395,Residence,-999,-999.0,Clear,901
25008,40.728134347783296 -73.70661410762649,840,Saturday,21455,Shop & Service,-999,-999.0,Clouds,901
25008,40.721802420654896 -73.73087156396551,900,Saturday,13604,Professional & Other Places,-999,-999.0,Clouds,901
25008,40.7409736247553 -73.78434062004091,960,Saturday,95,Arts & Entertainment,-999,9.2,Clouds,901
25008,40.7238433580965 -73.7301331366724,720,Sunday,28689,Residence,-999,-999.0,Clouds,901
25008,40.6996886534352 -73.80783123752809,1020,Sunday,11835,Travel & Transport,-999,-999.0,Clouds,901
25008,40.699788036152 -73.80866289138791,1020,Sunday,19195,Travel & Transport,-999,-999.0,Clouds,901
25009,40.726328 -73.730388,1200,Monday,35519,Residence,-999,-999.0,Clear,901
25009,40.7238433580965 -73.7301331366724,1380,Monday,15866,Residence,-999,-999.0,Clouds,901
25009,40.7238433580965 -73.7301331366724,60,Tuesday,9433,Residence,-999,-999.0,Clouds,901
25009,40.7264457055145 -73.7292051315308,120,Tuesday,21000,Outdoors & Recreation,-999,-999.0,Clouds,901
25009,40.726328 -73.730388,420,Tuesday,35519,Residence,-999,-999.0,Fog,901
25009,40.733212 -73.712695,1020,Tuesday,24068,Nightlife Spot,3,-999.0,Fog,901
25009,40.7238433580965 -73.7301331366724,660,Wednesday,9433,Residence,-999,-999.0,Clear,901
25009,40.726328 -73.730388,660,Wednesday,35519,Residence,-999,-999.0,Clouds,901
25009,40.7238433580965 -73.7301331366724,660,Wednesday,15866,Residence,-999,-999.0,Clouds,901
25009,40.7002015920329 -73.8080724977918,1140,Wednesday,20305,Professional & Other Places,-999,-999.0,Clear,901
25009,40.645870849028 -73.7723779678345,1320,Wednesday,20946,Travel & Transport,-999,-999.0,Clear,901
25009,40.71019 -73.79452,120,Thursday,30582,Shop & Service,-999,-999.0,Clear,901
25009,40.7106072085546 -73.79316551019821,120,Thursday,10410,Travel & Transport,-999,-999.0,Clear,901
25009,40.7127777 -73.7825931,120,Thursday,31085,Food,1,8.2,Clear,901
25009,40.7328763029414 -73.7324920719672,120,Thursday,15248,Professional & Other Places,-999,-999.0,Clear,901
25009,40.7238433580965 -73.7301331366724,180,Thursday,28689,Residence,-999,-999.0,Clear,901
25009,40.645301454835895 -73.7756893089027,1020,Thursday,18741,Travel & Transport,-999,-999.0,Clouds,901
25009,40.645525649358895 -73.77361527287941,1140,Thursday,25485,Travel & Transport,-999,-999.0,Clear,901
25009,40.7127777 -73.7825931,120,Friday,31085,Food,1,8.2,Clouds,901
25009,40.7122045755386 -73.78603858333331,120,Friday,33952,Shop & Service,-999,-999.0,Clouds,901
25009,40.7124269561388 -73.7847805023193,120,Friday,24608,Travel & Transport,-999,-999.0,Clouds,901
25009,40.726302 -73.730433,480,Friday,18970,Residence,-999,-999.0,Snow,901
25009,40.645301454835895 -73.7756893089027,720,Sunday,18741,Travel & Transport,-999,-999.0,Clear,901
25009,40.6455777902059 -73.776433467865,780,Sunday,7790,Travel & Transport,-999,-999.0,Clear,901
25009,40.645525649358895 -73.77361527287941,840,Sunday,25485,Travel & Transport,-999,-999.0,Clear,901
25009,40.645338 -73.775587,840,Sunday,19292,Food,-999,-999.0,Clear,901
25009,40.6454094962479 -73.7754882260199,1080,Sunday,28967,Food,2,-999.0,Clear,901
25009,40.645366135812 -73.7749099731445,1140,Sunday,14517,Travel & Transport,-999,-999.0,Clear,901
25009,40.721802420654896 -73.73087156396551,1260,Sunday,13604,Professional & Other Places,-999,-999.0,Clear,901
